insert into pm_user(id, username, password, registration_date)
values (2, 'Jason', 'admin', '2021-08-22'),
       (3, 'Jack',  'admin', '2021-06-12'),
       (4, 'Bob',   'admin', '2021-04-25'),
       (5, 'John',  'admin', '2021-05-3'),
       (6, 'Mike',  'admin', '2021-07-8'),
       (7, 'Frank', 'admin', '2021-03-10');

insert into project(id, project_name, key, project_type_id, lead_id, created_date, last_modified, description)
VALUES (1, 'proFNK', 'FNK',       2, 2, '2021-03-22', '2021-03-22', 'Lorem ipsum dolor sit amet consectetur adipisicing elit.'),
       (2, 'DreamSoft', 'DS',     1, 5, '2021-04-23', '2021-04-23', 'Lorem ipsum dolor sit amet consectetur adipisicing elit.'),
       (3, 'Apple', 'AP',         1, 3, '2021-03-18', '2021-03-18', 'Lorem ipsum dolor sit amet consectetur adipisicing elit.'),
       (4, 'Google', 'GL',        1, 6, '2021-02-7',  '2021-02-7',  'Lorem ipsum dolor sit amet consectetur adipisicing elit.'),
       (5, 'TmEducation', 'TE',   3, 4, '2021-01-9',  '2021-01-9',  'Lorem ipsum dolor sit amet consectetur adipisicing elit.'),
       (6, 'Alfa Digital', 'AD',  2, 1, '2021-05-6',  '2021-05-6',  'Lorem ipsum dolor sit amet consectetur adipisicing elit.'),
       (7, 'General LTD', 'GLTD', 2, 7, '2021-04-5',  '2021-04-5',  'Lorem ipsum dolor sit amet consectetur adipisicing elit.'),
       (8, 'EmPresso', 'EP',      3, 3, '2021-07-10', '2021-07-10', 'Lorem ipsum dolor sit amet consectetur adipisicing elit.'),
       (9, 'Latex', 'LT',         1, 2, '2021-08-2',  '2021-08-2',  'Lorem ipsum dolor sit amet consectetur adipisicing elit.'),
       (10, 'Etalass', 'EL',      3, 6, '2021-07-12', '2021-07-12', 'Lorem ipsum dolor sit amet consectetur adipisicing elit.'),
       (11, 'Gliafko LTD', 'GD',  1, 4, '2021-03-15', '2021-03-15', 'Lorem ipsum dolor sit amet consectetur adipisicing elit.'),
       (12, 'IT Center', 'IC',    2, 5, '2021-04-29', '2021-04-29', 'Lorem ipsum dolor sit amet consectetur adipisicing elit.'),
       (13, 'MEGA', 'MG',         1, 3, '2021-02-30', '2021-02-30', 'Lorem ipsum dolor sit amet consectetur adipisicing elit.'),
       (14, 'GeneralSoft', 'GS',  2, 1, '2021-05-12', '2021-05-12', 'Lorem ipsum dolor sit amet consectetur adipisicing elit.'),
       (15, 'Microsoft', 'MS',    2, 7, '2021-06-3',  '2021-06-3',  'Lorem ipsum dolor sit amet consectetur adipisicing elit.');

insert into task (id, task_name, author_id, executor_id, project_id, priority_id, status_id, issue_type_id, created_date, last_modified, description)
values (1,  'add git',                1, 3, 5,  3, 2, 4, '2021-03-22', '2021-03-22', 'Lorem ipsum dolor sit amet consectetur adipisicing elit.'),
       (2,  'connect to db',          5, 5, 12, 3, 3, 4, '2021-04-23', '2021-04-23', 'Lorem ipsum dolor sit amet consectetur adipisicing elit.'),
       (3,  'add button',             3, 2, 10, 2, 4, 3, '2021-03-18', '2021-03-18',  'Lorem ipsum dolor sit amet consectetur adipisicing elit.'),
       (4,  'add image',              4, 2, 6,  3, 1, 3, '2021-02-7',  '2021-02-7',  'Lorem ipsum dolor sit amet consectetur adipisicing elit.'),
       (5,  'create new page',        2, 7, 10, 2, 3, 2, '2021-01-9',  '2021-01-9',  'Lorem ipsum dolor sit amet consectetur adipisicing elit.'),
       (6,  'remove old page',        6, 3, 11, 1, 4, 1, '2021-05-6',  '2021-05-6',  'Lorem ipsum dolor sit amet consectetur adipisicing elit.'),
       (7,  'change color bg',        7, 4, 5,  1, 2, 1, '2021-04-5',  '2021-04-5',  'Lorem ipsum dolor sit amet consectetur adipisicing elit.'),
       (8,  'add new field',          3, 6, 5,  3, 1, 2, '2021-07-10', '2021-07-10', 'Lorem ipsum dolor sit amet consectetur adipisicing elit.'),
       (9,  'task for John',          6, 4, 4,  2, 4, 2, '2021-08-2',  '2021-08-2',  'Lorem ipsum dolor sit amet consectetur adipisicing elit.'),
       (10, 'task for Jack',          7, 1, 4,  2, 3, 4, '2021-07-12', '2021-07-12', 'Lorem ipsum dolor sit amet consectetur adipisicing elit.'),
       (11, 'difficult task',         2, 3, 3,  3, 1, 3, '2021-03-15', '2021-03-15', 'Lorem ipsum dolor sit amet consectetur adipisicing elit.'),
       (12, 'add new link',           4, 5, 4,  1, 2, 2, '2021-04-29', '2021-04-29', 'Lorem ipsum dolor sit amet consectetur adipisicing elit.'),
       (13, 'add new data',           5, 2, 6,  1, 3, 1, '2021-02-30', '2021-02-30', 'Lorem ipsum dolor sit amet consectetur adipisicing elit.'),
       (14, 'create new task',        1, 3, 10, 2, 2, 4, '2021-05-12', '2021-05-12', 'Lorem ipsum dolor sit amet consectetur adipisicing elit.'),
       (15, 'remove completed tasks', 3, 4, 9,  3, 4, 3, '2021-06-3',  '2021-06-3',  'Lorem ipsum dolor sit amet consectetur adipisicing elit.'),
       (16, 'task for Mike',          4, 6, 11, 1, 2, 1, '2021-02-30', '2021-02-30', 'Lorem ipsum dolor sit amet consectetur adipisicing elit.'),
       (17, 'task for Frank',         6, 7, 10, 2, 1, 2, '2021-05-12', '2021-05-12', 'Lorem ipsum dolor sit amet consectetur adipisicing elit.'),
       (18, 'task for admin',         5, 4, 7,  1, 3, 4, '2021-06-3',  '2021-06-3',  'Lorem ipsum dolor sit amet consectetur adipisicing elit.');

insert into pm_user_roles (user_id, roles_id)
VALUES (2, 1),
       (3, 6),
       (4, 1),
       (5, 4),
       (6, 1),
       (7, 1);

insert into pm_user_projects (users_id, projects_id)
VALUES (2, 1),
       (3, 2),
       (1, 3),
       (2, 2),
       (3, 1),
       (5, 13),
       (6, 7),
       (7, 8),
       (2, 12),
       (5, 1),
       (4, 12),
       (2, 13),
       (3, 13),
       (5, 15),
       (3, 15);

insert into pm_user_tasks (user_id, tasks_id)
VALUES (1, 1),
       (1, 14),
       (1, 10),
       (2, 11),
       (2, 5),
       (2, 3),
       (2, 4),
       (2, 13),
       (3, 3),
       (3, 8),
       (3, 15),
       (3, 1),
       (3, 6),
       (3, 11),
       (3, 14),
       (4, 4),
       (4, 12),
       (4, 16),
       (4, 7),
       (4, 9),
       (4, 15),
       (4, 18),
       (5, 18),
       (5, 13),
       (5, 12),
       (5, 2),
       (6, 6),
       (6, 8),
       (6, 9),
       (6, 16),
       (6, 17),
       (7, 5),
       (7, 7),
       (7, 10),
       (1, 17);